Label,# Samples,Average,Min,Max,Std. Dev.,Error %,Throughput,Received KB/sec,Sent KB/sec,Avg. Bytes
Login 1 Request,1,316,316,316,0.00,0.000%,3.16456,2.29,0.78,740.0
Login 10 Request,10,53473,587,135666,58007.58,60.000%,.07322,0.04,0.02,548.6
Login 100 Request,100,61592,7254,136536,57984.07,67.000%,.72984,0.37,0.18,526.0
Login 500 Request,500,106768,9253,136871,46547.19,80.600%,3.63216,1.71,0.90,482.6
Login 1000 Request,1000,119012,45673,135356,23924.35,0.000%,7.33278,5.37,1.83,749.4
TOTAL,1611,111167,316,136871,38501.76,29.547%,11.58001,7.37,2.89,651.5
