Label,# Samples,Average,Min,Max,Std. Dev.,Error %,Throughput,Received KB/sec,Sent KB/sec,Avg. Bytes
Login 10 Request,10,38871,413,83239,26157.37,0.000%,.11883,0.09,0.03,744.8
Login 1 Request,1,415,415,415,0.00,0.000%,2.40964,1.74,0.59,740.0
Login 100 Request,100,48048,7684,146379,28867.80,4.000%,.67861,0.49,0.17,732.1
Login 500 Request,500,126799,22801,184395,44586.33,0.000%,2.67250,1.95,0.67,746.8
Login 1000 Request,1000,182078,179996,185519,1262.22,0.000%,5.38416,3.94,1.35,749.4
TOTAL,1611,155600,413,185519,46734.74,0.248%,8.52156,6.22,2.13,747.5
