Label,# Samples,Average,Min,Max,Std. Dev.,Error %,Throughput,Received KB/sec,Sent KB/sec,Avg. Bytes
Create order 1,1,41,41,41,0.00,0.000%,24.39024,18.15,17.82,762.0
Create order 10,10,2938,57,6697,2365.19,0.000%,1.32679,0.99,0.97,762.0
Create order 100,100,4068,30,12221,3030.12,0.000%,7.74533,5.76,5.66,762.0
Create order 500,500,9483,1265,12583,2546.87,0.000%,35.08280,26.11,25.63,762.0
Create order 1000,1000,10495,9563,12989,496.46,0.000%,62.95247,46.85,45.98,762.0
TOTAL,1611,9729,30,12989,2342.60,0.000%,84.92804,63.20,62.04,762.0
