Label,# Samples,Average,Min,Max,Std. Dev.,Error %,Throughput,Received KB/sec,Sent KB/sec,Avg. Bytes
Create order 1,1,1086,1086,1086,0.00,0.000%,.92081,0.69,0.67,762.0
Create order 100,100,2148,867,3936,1043.49,0.000%,20.62706,15.35,15.03,762.0
Create order 10,10,1903,871,3912,993.66,0.000%,2.08203,1.55,1.52,762.0
Create order 500,500,8632,2036,13740,3216.10,0.000%,29.41349,21.89,21.43,762.0
Create order 1000,1000,10674,9534,12916,585.99,0.000%,55.09338,41.00,40.14,762.0
TOTAL,1611,9450,867,13740,2888.15,0.000%,71.68602,53.34,52.22,762.0
