Label,# Samples,Average,Min,Max,Std. Dev.,Error %,Throughput,Received KB/sec,Sent KB/sec,Avg. Bytes
Register 1 Request,4,32598,1280,74930,28681.60,25.000%,.00462,0.00,0.00,433.8
Register 10 Request,40,48037,3388,124769,44296.42,62.500%,.04215,0.04,0.01,936.5
Register 100 Request,400,51383,5083,124827,46599.88,70.000%,.42146,0.41,0.09,992.3
Register 500 Request,1214,92123,4128,180653,54799.91,69.110%,1.40000,1.13,0.33,827.5
Register 1000 Request,1000,179333,177975,181351,747.69,0.000%,5.44556,2.31,1.57,434.0
TOTAL,2658,118049,1280,181351,64830.15,43.078%,2.62821,1.81,0.66,705.3
