Label,# Samples,Average,Min,Max,Std. Dev.,Error %,Throughput,Received KB/sec,Sent KB/sec,Avg. Bytes
Register 1 Request,1,932,932,932,0.00,0.000%,1.07296,0.45,0.30,434.0
Register 10 Request,10,129725,2922,182165,67080.27,10.000%,.05464,0.02,0.02,433.9
Register 100 Request,100,149581,14013,182215,53877.87,3.000%,.54690,0.23,0.16,434.0
Register 500 Request,500,180990,180032,182039,546.08,0.000%,2.71089,1.15,0.78,434.0
Register 1000 Request,1000,178823,174885,181999,1654.87,0.000%,5.43558,2.30,1.57,434.0
TOTAL,1611,177265,932,182215,17222.85,0.248%,8.54397,3.62,2.45,434.0
